{"skeleton":{"hash":"8r4YgpKUl/UDbpFTBRWEGAFtNjo","spine":"3.8.99","x":-82,"y":-69,"width":164,"height":140.39,"images":"/Users/hien/Downloads/BIGCITY_AA/mini_freespin","audio":""},"bones":[{"name":"root"},{"name":"bone","parent":"root","length":48.32,"rotation":94.31,"x":5.81,"y":-30.76,"color":"47ff2cff"},{"name":"bone2","parent":"bone","length":19.78,"rotation":21.4,"x":47.99,"y":0.02,"color":"65ff68ff"},{"name":"bone3","parent":"bone","length":49,"rotation":77.56,"x":-1.01,"y":-0.25,"color":"31ff31ff"},{"name":"bone4","parent":"bone","length":50.7,"rotation":-89.08,"x":-0.73,"y":-0.94,"color":"42ff5cff"},{"name":"bone5","parent":"bone4","length":13.75,"rotation":-125.48,"x":49.98,"y":-0.6,"color":"2ded20ff"},{"name":"bone6","parent":"bone3","length":13.67,"rotation":106.46,"x":56.14,"y":1.35,"color":"8dff52ff"},{"name":"bone7","parent":"root","length":118.81,"rotation":89.2,"x":0.86,"y":-64.42,"color":"ff009dff"},{"name":"Light","parent":"bone","rotation":-94.31,"x":31.11,"y":3.48},{"name":"Light2","parent":"bone","rotation":-94.31,"x":30.23,"y":-8.19},{"name":"bg","parent":"root","y":9.22},{"name":"bone8","parent":"root"},{"name":"bone9","parent":"root"},{"name":"bone10","parent":"root"},{"name":"bone11","parent":"bone","x":48.32,"color":"47ff2cff"}],"slots":[{"name":"bg","bone":"bg","attachment":"free_bg"},{"name":"viền","bone":"bone10","color":"389587ff","attachment":"free_khung"},{"name":"xe2","bone":"root","attachment":"xe"},{"name":"xe3","bone":"bone11","color":"bd8d8dff","attachment":"xe","blend":"additive"},{"name":"text3","bone":"bone8","attachment":"free_text"},{"name":"text4","bone":"bone9","attachment":"free_text"},{"name":"light3","bone":"Light","attachment":"free_light"},{"name":"light4","bone":"Light2","attachment":"free_light"},{"name":"viền2","bone":"bone10","attachment":"free_khung"},{"name":"xe","bone":"root","attachment":"xe"},{"name":"text","bone":"bone8","attachment":"free_text"},{"name":"text2","bone":"bone9","attachment":"free_text"},{"name":"light","bone":"Light","attachment":"free_light"},{"name":"light2","bone":"Light2","attachment":"free_light"}],"skins":[{"name":"default","attachments":{"bg":{"free_bg":{"type":"mesh","hull":36,"width":141,"height":154,"uvs":[0.00403,0.20902,0.05552,0.16188,0.10243,0.13689,0.1588,0.11881,0.23946,0.10392,0.28628,0.09826,0.49796,0.09198,0.7712,0.0981,0.82013,0.10663,0.91475,0.12465,0.96949,0.15019,1,0.19188,1,0.27331,1,0.38045,1,0.47688,1,0.58402,1,0.69759,1,0.75056,1,0.81759,1,0.91402,0.95424,0.97616,0.88403,0.99974,0.73638,0.99974,0.60552,0.99974,0.45172,0.99989,0.34573,1,0.24931,0.99891,0.13275,0.99759,0.04616,0.93974,0,0.87116,0.00092,0.79621,0.00169,0.73402,0.003,0.68721,0.00403,0.65045,0.00637,0.51117,0.00871,0.36117,0.09297,0.24759,0.27318,0.24974,0.50254,0.23902,0.79977,0.23902,0.94488,0.24331,0.94956,0.48116,0.59382,0.47688,0.29892,0.50474,0.22169,0.69545,0.59148,0.75974,0.93318,0.64831,0.25875,0.84903,0.52129,0.85772,0.72689,0.86062],"triangles":[39,7,8,39,8,9,38,6,7,38,7,39,40,9,10,40,10,11,39,9,40,36,1,2,0,1,36,37,4,5,40,11,12,35,0,36,40,12,13,42,38,39,13,39,40,14,41,13,5,38,37,38,5,6,43,38,42,43,37,38,3,4,37,36,2,3,37,36,3,41,14,15,39,41,42,13,41,39,46,41,15,46,42,41,43,35,36,43,36,37,43,34,35,44,34,43,33,34,44,32,33,44,46,15,16,31,32,44,46,16,17,45,43,42,45,42,46,44,43,45,49,46,17,48,47,44,45,48,44,49,45,46,18,49,17,48,45,49,18,21,49,30,44,47,44,30,31,47,29,30,28,29,47,18,19,21,27,28,47,26,27,47,23,48,49,21,22,49,23,49,22,21,19,20,48,25,47,24,48,23,25,26,47,48,24,25],"vertices":[-69.43,44.81,-64.15,51.41,-57.54,55.26,-49.59,58.04,-38.22,60.34,-31.61,61.21,-1.77,62.17,36.76,61.23,43.66,59.92,57,57.14,64.72,53.21,69.02,46.79,69.02,34.25,69.02,17.75,69.02,2.9,69.02,-13.6,69.02,-31.09,69.02,-39.25,69.02,-49.57,69.02,-64.42,62.57,-73.99,52.67,-77.62,31.85,-77.62,13.4,-77.62,-8.29,-77.64,-23.23,-77.66,-36.83,-77.49,-53.26,-77.29,-65.47,-68.38,-71.98,-57.82,-71.85,-46.28,-71.74,-36.7,-71.56,-29.49,-71.41,-23.83,-71.08,-2.38,-70.75,20.72,-58.87,38.21,-33.46,37.88,-1.12,39.53,40.79,39.53,61.25,38.87,61.91,2.24,11.75,2.9,-29.83,-1.39,-40.72,-30.76,11.42,-40.66,59.6,-23.5,-35.5,-54.41,1.52,-55.75,30.51,-56.19],"edges":[0,2,2,4,4,6,6,8,8,10,10,12,12,14,14,16,16,18,18,20,20,22,22,24,24,26,26,28,28,30,30,32,36,38,38,40,40,42,54,56,56,58,66,68,68,70,0,70,58,60,60,62,62,64,64,66,32,34,34,36,42,44,44,46,46,48,48,50,50,52,52,54]}},"light":{"free_light":{"type":"mesh","hull":4,"width":38,"height":23,"uvs":[1,1,0,1,0,0,1,0],"triangles":[1,2,3,1,3,0],"vertices":[1,1,16.05,23.14,1,1,1,18.91,61.03,1,1,1,41.84,59.3,1,1,1,38.99,21.41,1],"edges":[0,2,2,4,4,6,0,6]}},"light2":{"free_light":{"type":"mesh","hull":4,"width":38,"height":23,"uvs":[1,1,0,1,0,0,1,0],"triangles":[1,2,3,1,3,0],"vertices":[1,1,11.43,-60.44,1,1,1,14.28,-22.55,1,1,1,37.22,-24.28,1,1,1,34.36,-62.17,1],"edges":[0,2,2,4,4,6,0,6]}},"light3":{"free_light":{"type":"mesh","hull":4,"width":38,"height":23,"uvs":[1,1,0,1,0,0,1,0],"triangles":[1,2,3,1,3,0],"vertices":[1,1,16.05,23.14,1,1,1,18.91,61.03,1,1,1,41.84,59.3,1,1,1,38.99,21.41,1],"edges":[0,2,2,4,4,6,0,6]}},"light4":{"free_light":{"type":"mesh","hull":4,"width":38,"height":23,"uvs":[1,1,0,1,0,0,1,0],"triangles":[1,2,3,1,3,0],"vertices":[1,1,11.43,-60.44,1,1,1,14.28,-22.55,1,1,1,37.22,-24.28,1,1,1,34.36,-62.17,1],"edges":[0,2,2,4,4,6,0,6]}},"text":{"free_text":{"type":"mesh","hull":4,"width":90,"height":27,"uvs":[1,1,0,1,0,0,1,0],"triangles":[1,2,3,1,3,0],"vertices":[45,-69,-45,-69,-45,-42,45,-42],"edges":[0,2,2,4,4,6,0,6]}},"text2":{"free_text":{"type":"mesh","hull":4,"width":90,"height":27,"uvs":[1,1,0,1,0,0,1,0],"triangles":[1,2,3,1,3,0],"vertices":[45,-69,-45,-69,-45,-42,45,-42],"edges":[0,2,2,4,4,6,0,6]}},"text3":{"free_text":{"type":"mesh","hull":4,"width":90,"height":27,"uvs":[1,1,0,1,0,0,1,0],"triangles":[1,2,3,1,3,0],"vertices":[45,-69,-45,-69,-45,-42,45,-42],"edges":[0,2,2,4,4,6,0,6]}},"text4":{"free_text":{"type":"mesh","hull":4,"width":90,"height":27,"uvs":[1,1,0,1,0,0,1,0],"triangles":[1,2,3,1,3,0],"vertices":[45,-69,-45,-69,-45,-42,45,-42],"edges":[0,2,2,4,4,6,0,6]}},"viền":{"free_khung":{"width":164,"height":135}},"viền2":{"free_khung":{"width":164,"height":135}},"xe":{"xe":{"type":"mesh","hull":32,"width":180,"height":115,"uvs":[0.42516,0.15037,0.33349,0.15898,0.26566,0.16759,0.21616,0.25941,0.17766,0.29385,0.11716,0.33402,0.09516,0.3828,0.07132,0.47463,0.11349,0.62959,0.14099,0.68124,0.15199,0.83046,0.17216,0.87637,0.23816,0.87063,0.26566,0.82472,0.26382,0.7415,0.33716,0.72428,0.37749,0.75011,0.60666,0.75585,0.65616,0.73863,0.67266,0.81611,0.70199,0.87063,0.79182,0.86489,0.81382,0.8075,0.82482,0.70133,0.85416,0.64967,0.91649,0.52628,0.90732,0.36272,0.85232,0.30533,0.70932,0.29959,0.67999,0.26228,0.64882,0.25367,0.60116,0.16472],"triangles":[19,18,22,22,20,19,21,20,22,28,26,25,26,28,27,28,24,18,25,24,28,30,28,17,28,30,29,23,18,24,17,15,30,17,28,18,22,18,23,6,4,7,8,7,4,5,4,6,15,9,8,15,8,4,10,9,14,10,14,13,12,10,13,11,10,12,3,30,15,4,3,15,14,9,15,17,16,15,0,3,1,3,2,1,0,30,3,30,0,31],"vertices":[3,2,21.82,1.95,0.98872,3,24.59,-64.82,0.008,6,-54.53,49,0.00328,3,2,27.94,16.95,0.83192,3,40.46,-61.56,0.11067,6,-55.89,32.86,0.05742,3,2,32.34,28.38,0.71392,3,52.41,-58.85,0.17316,6,-56.68,20.63,0.11292,4,2,26.69,40.99,0.52474,3,59.74,-47.14,0.23849,6,-47.52,10.29,0.2332,1,57.88,47.93,0.00357,4,2,26.13,48.95,0.38703,3,66.04,-42.24,0.24357,6,-44.61,2.86,0.3674,1,54.46,55.13,0.002,3,2,26.69,60.77,0.26605,3,76.16,-36.12,0.19573,6,-41.61,-8.59,0.53822,3,2,23.36,66.77,0.22312,3,79.29,-30.01,0.16726,6,-36.63,-13.32,0.60963,3,2,15.7,75.21,0.16178,3,82.04,-18.95,0.11649,6,-26.81,-19.09,0.72173,3,2,-3.65,76.11,0.05486,3,72.01,-2.38,0.02395,6,-8.08,-14.16,0.92119,2,2,-11.14,74.22,0.01529,6,-1.48,-10.12,0.98471,1,6,15.78,-10.65,1,1,6,21.53,-7.82,1,2,3,46.86,22.03,0.02176,6,22.46,3.05,0.97824,2,3,41.72,15.96,0.13764,6,18.09,9.69,0.86236,2,3,43.4,6.53,0.68548,6,8.58,10.75,0.31452,1,3,30.61,2.71,1,1,3,23.01,4.62,1,1,4,16.88,-3.86,1,2,4,25.93,-2.7,0.96406,5,15.68,-18.36,0.03594,2,4,28.08,-11.85,0.52378,5,21.88,-11.31,0.47622,2,4,32.76,-18.57,0.20621,5,24.63,-3.59,0.79379,1,5,15.92,10.05,1,1,5,8.22,10.14,1,3,2,-66.62,-35.68,0.003,4,56.56,-1.2,0.71779,5,-3.33,5.7,0.27921,2,2,-63.56,-43.01,0.02171,4,62.36,4.24,0.97829,3,2,-55.64,-59.28,0.06198,1,17.81,-75.47,5E-05,4,74.82,17.34,0.93797,3,2,-37.98,-65.95,0.09515,1,36.69,-75.24,0.01051,4,74.89,36.23,0.89435,3,2,-27.74,-59.9,0.11566,1,44.02,-65.86,0.03027,4,65.64,43.7,0.85407,3,2,-15.98,-36.99,0.23201,1,46.61,-40.25,0.24752,4,40.06,46.7,0.52048,3,2,-9.82,-34.09,0.25846,1,51.28,-35.3,0.3661,4,35.2,51.46,0.37543,3,2,-6.5,-29.47,0.24854,1,52.69,-29.78,0.48902,4,29.7,52.95,0.26244,3,2,6.44,-26.18,0.09635,1,63.54,-22,0.8127,4,22.09,63.92,0.09095],"edges":[0,2,2,4,4,6,6,8,8,10,10,12,12,14,14,16,16,18,18,20,20,22,22,24,24,26,26,28,28,30,30,32,32,34,34,36,36,38,38,40,40,42,42,44,44,46,46,48,48,50,50,52,52,54,54,56,56,58,58,60,60,62,0,62]}},"xe2":{"xe":{"type":"mesh","hull":32,"width":180,"height":115,"uvs":[0.42516,0.15037,0.33349,0.15898,0.26566,0.16759,0.21616,0.25941,0.17766,0.29385,0.11716,0.33402,0.09516,0.3828,0.07132,0.47463,0.11349,0.62959,0.14099,0.68124,0.15199,0.83046,0.17216,0.87637,0.23816,0.87063,0.26566,0.82472,0.26382,0.7415,0.33716,0.72428,0.37749,0.75011,0.60666,0.75585,0.65616,0.73863,0.67266,0.81611,0.70199,0.87063,0.79182,0.86489,0.81382,0.8075,0.82482,0.70133,0.85416,0.64967,0.91649,0.52628,0.90732,0.36272,0.85232,0.30533,0.70932,0.29959,0.67999,0.26228,0.64882,0.25367,0.60116,0.16472],"triangles":[19,18,22,22,20,19,21,20,22,28,26,25,26,28,27,28,24,18,25,24,28,30,28,17,28,30,29,23,18,24,17,15,30,17,28,18,22,18,23,6,4,7,8,7,4,5,4,6,15,9,8,15,8,4,10,9,14,10,14,13,12,10,13,11,10,12,3,30,15,4,3,15,14,9,15,17,16,15,0,3,1,3,2,1,0,30,3,30,0,31],"vertices":[3,2,21.82,1.95,0.98872,3,24.59,-64.82,0.008,6,-54.53,49,0.00328,3,2,27.94,16.95,0.83192,3,40.46,-61.56,0.11067,6,-55.89,32.86,0.05742,3,2,32.34,28.38,0.71392,3,52.41,-58.85,0.17316,6,-56.68,20.63,0.11292,4,2,26.69,40.99,0.52474,3,59.74,-47.14,0.23849,6,-47.52,10.29,0.2332,1,57.88,47.93,0.00357,4,2,26.13,48.95,0.38703,3,66.04,-42.24,0.24357,6,-44.61,2.86,0.3674,1,54.46,55.13,0.002,3,2,26.69,60.77,0.26605,3,76.16,-36.12,0.19573,6,-41.61,-8.59,0.53822,3,2,23.36,66.77,0.22312,3,79.29,-30.01,0.16726,6,-36.63,-13.32,0.60963,3,2,15.7,75.21,0.16178,3,82.04,-18.95,0.11649,6,-26.81,-19.09,0.72173,3,2,-3.65,76.11,0.05486,3,72.01,-2.38,0.02395,6,-8.08,-14.16,0.92119,2,2,-11.14,74.22,0.01529,6,-1.48,-10.12,0.98471,1,6,15.78,-10.65,1,1,6,21.53,-7.82,1,2,3,46.86,22.03,0.02176,6,22.46,3.05,0.97824,2,3,41.72,15.96,0.13764,6,18.09,9.69,0.86236,2,3,43.4,6.53,0.68548,6,8.58,10.75,0.31452,1,3,30.61,2.71,1,1,3,23.01,4.62,1,1,4,16.88,-3.86,1,2,4,25.93,-2.7,0.96406,5,15.68,-18.36,0.03594,2,4,28.08,-11.85,0.52378,5,21.88,-11.31,0.47622,2,4,32.76,-18.57,0.20621,5,24.63,-3.59,0.79379,1,5,15.92,10.05,1,1,5,8.22,10.14,1,3,2,-66.62,-35.68,0.003,4,56.56,-1.2,0.71779,5,-3.33,5.7,0.27921,2,2,-63.56,-43.01,0.02171,4,62.36,4.24,0.97829,3,2,-55.64,-59.28,0.06198,1,17.81,-75.47,5E-05,4,74.82,17.34,0.93797,3,2,-37.98,-65.95,0.09515,1,36.69,-75.24,0.01051,4,74.89,36.23,0.89435,3,2,-27.74,-59.9,0.11566,1,44.02,-65.86,0.03027,4,65.64,43.7,0.85407,3,2,-15.98,-36.99,0.23201,1,46.61,-40.25,0.24752,4,40.06,46.7,0.52048,3,2,-9.82,-34.09,0.25846,1,51.28,-35.3,0.3661,4,35.2,51.46,0.37543,3,2,-6.5,-29.47,0.24854,1,52.69,-29.78,0.48902,4,29.7,52.95,0.26244,3,2,6.44,-26.18,0.09635,1,63.54,-22,0.8127,4,22.09,63.92,0.09095],"edges":[0,2,2,4,4,6,6,8,8,10,10,12,12,14,14,16,16,18,18,20,20,22,22,24,24,26,26,28,28,30,30,32,32,34,34,36,36,38,38,40,40,42,42,44,44,46,46,48,48,50,50,52,52,54,54,56,56,58,58,60,60,62,0,62]}},"xe3":{"xe":{"type":"mesh","hull":32,"width":180,"height":115,"uvs":[0.42516,0.15037,0.33349,0.15898,0.26566,0.16759,0.21616,0.25941,0.17766,0.29385,0.11716,0.33402,0.09516,0.3828,0.07132,0.47463,0.11349,0.62959,0.14099,0.68124,0.15199,0.83046,0.17216,0.87637,0.23816,0.87063,0.26566,0.82472,0.26382,0.7415,0.33716,0.72428,0.37749,0.75011,0.60666,0.75585,0.65616,0.73863,0.67266,0.81611,0.70199,0.87063,0.79182,0.86489,0.81382,0.8075,0.82482,0.70133,0.85416,0.64967,0.91649,0.52628,0.90732,0.36272,0.85232,0.30533,0.70932,0.29959,0.67999,0.26228,0.64882,0.25367,0.60116,0.16472],"triangles":[21,20,22,22,20,19,19,18,22,22,18,23,17,28,18,17,15,30,23,18,24,28,30,29,30,28,17,25,24,28,28,24,18,26,28,27,28,26,25,11,10,12,12,10,13,10,14,13,10,9,14,15,8,4,15,9,8,5,4,6,8,7,4,6,4,7,17,16,15,14,9,15,4,3,15,3,30,15,30,0,31,0,30,3,3,2,1,0,3,1],"vertices":[3,2,21.82,1.95,0.98872,3,24.59,-64.82,0.008,6,-54.53,49,0.00328,3,2,27.94,16.95,0.83192,3,40.46,-61.56,0.11067,6,-55.89,32.86,0.05742,3,2,32.34,28.38,0.71392,3,52.41,-58.85,0.17316,6,-56.68,20.63,0.11292,4,2,26.69,40.99,0.52474,3,59.74,-47.14,0.23849,6,-47.52,10.29,0.2332,1,57.88,47.93,0.00357,4,2,26.13,48.95,0.38703,3,66.04,-42.24,0.24357,6,-44.61,2.86,0.3674,1,54.46,55.13,0.002,3,2,26.69,60.77,0.26605,3,76.16,-36.12,0.19573,6,-41.61,-8.59,0.53822,3,2,23.36,66.77,0.22312,3,79.29,-30.01,0.16726,6,-36.63,-13.32,0.60963,3,2,15.7,75.21,0.16178,3,82.04,-18.95,0.11649,6,-26.81,-19.09,0.72173,3,2,-3.65,76.11,0.05486,3,72.01,-2.38,0.02395,6,-8.08,-14.16,0.92119,2,2,-11.14,74.22,0.01529,6,-1.48,-10.12,0.98471,1,6,15.78,-10.65,1,1,6,21.53,-7.82,1,2,3,46.86,22.03,0.02176,6,22.46,3.05,0.97824,2,3,41.72,15.96,0.13764,6,18.09,9.69,0.86236,2,3,43.4,6.53,0.68548,6,8.58,10.75,0.31452,1,3,30.61,2.71,1,1,3,23.01,4.62,1,1,4,16.88,-3.86,1,2,4,25.93,-2.7,0.96406,5,15.68,-18.36,0.03594,2,4,28.08,-11.85,0.52378,5,21.88,-11.31,0.47622,2,4,32.76,-18.57,0.20621,5,24.63,-3.59,0.79379,1,5,15.92,10.05,1,1,5,8.22,10.14,1,3,2,-66.62,-35.68,0.003,4,56.56,-1.2,0.71779,5,-3.33,5.7,0.27921,2,2,-63.56,-43.01,0.02171,4,62.36,4.24,0.97829,3,2,-55.64,-59.28,0.06198,1,17.81,-75.47,5E-05,4,74.82,17.34,0.93797,3,2,-37.98,-65.95,0.09515,1,36.69,-75.24,0.01051,4,74.89,36.23,0.89435,3,2,-27.74,-59.9,0.11566,1,44.02,-65.86,0.03027,4,65.64,43.7,0.85407,3,2,-15.98,-36.99,0.23201,1,46.61,-40.25,0.24752,4,40.06,46.7,0.52048,3,2,-9.82,-34.09,0.25846,1,51.28,-35.3,0.3661,4,35.2,51.46,0.37543,3,2,-6.5,-29.47,0.24854,1,52.69,-29.78,0.48902,4,29.7,52.95,0.26244,3,2,6.44,-26.18,0.09635,1,63.54,-22,0.8127,4,22.09,63.92,0.09095],"edges":[0,2,2,4,4,6,6,8,8,10,10,12,12,14,14,16,16,18,18,20,20,22,22,24,24,26,26,28,28,30,30,32,32,34,34,36,36,38,38,40,40,42,42,44,44,46,46,48,48,50,50,52,52,54,54,56,56,58,58,60,60,62,0,62]}}}}],"animations":{"animation":{"slots":{"light":{"color":[{"time":0.6667,"color":"9efcec00"},{"time":0.8333,"color":"ffffffff"},{"time":0.9,"color":"ffffffce"},{"time":0.9667,"color":"ffffffff"},{"time":1.0333,"color":"ffffffce"},{"time":1.1,"color":"ffffffff"},{"time":1.1667,"color":"ffffffce"},{"time":1.2333,"color":"ffffffff"},{"time":1.3,"color":"ffffffce"},{"time":1.3667,"color":"ffffffff"},{"time":1.4333,"color":"ffffffce"},{"time":1.5,"color":"ffffffff"},{"time":1.5667,"color":"ffffffce"},{"time":1.6333,"color":"ffffffff"},{"time":1.7,"color":"ffffffce"},{"time":1.7667,"color":"ffffffff"},{"time":1.8333,"color":"ffffffce"},{"time":1.9,"color":"ffffffff"},{"time":2,"color":"ffffffce"}],"attachment":[{"name":null},{"time":0.6667,"name":"free_light"}]},"light2":{"color":[{"time":0.6667,"color":"9efcec00"},{"time":0.8333,"color":"ffffffff"},{"time":0.9,"color":"ffffffcf"},{"time":0.9667,"color":"ffffffff"},{"time":1.0333,"color":"ffffffcf"},{"time":1.1,"color":"ffffffff"},{"time":1.1667,"color":"ffffffcf"},{"time":1.2333,"color":"ffffffff"},{"time":1.3,"color":"ffffffcf"},{"time":1.3667,"color":"ffffffff"},{"time":1.4333,"color":"ffffffcf"},{"time":1.5,"color":"ffffffff"},{"time":1.5667,"color":"ffffffcf"},{"time":1.6333,"color":"ffffffff"},{"time":1.7,"color":"ffffffcf"},{"time":1.7667,"color":"ffffffff"},{"time":1.8333,"color":"ffffffcf"},{"time":1.9,"color":"ffffffff"},{"time":2,"color":"ffffffcf"}],"attachment":[{"name":null},{"time":0.6667,"name":"free_light"}]},"light3":{"color":[{"time":0.6667,"color":"9efcec00"},{"time":0.8333,"color":"ffffffff","curve":"stepped"},{"time":1.9,"color":"ffffffff"},{"time":2,"color":"9efcec00"}],"attachment":[{"name":null},{"time":0.6667,"name":"free_light"}]},"light4":{"color":[{"time":0.6667,"color":"9efcec00"},{"time":0.8333,"color":"ffffffff","curve":"stepped"},{"time":1.9,"color":"ffffffff"},{"time":2,"color":"9efcec00"}],"attachment":[{"name":null},{"time":0.6667,"name":"free_light"}]},"text2":{"color":[{"time":0.6667,"color":"ffffffff"},{"time":1,"color":"ffffff00"}],"attachment":[{"name":null},{"time":0.6667,"name":"free_text"},{"time":1.1667,"name":null}]},"text4":{"color":[{"time":0.6667,"color":"ffffffff"},{"time":1,"color":"ffffff00"}],"attachment":[{"name":null}]},"viền2":{"color":[{"color":"ffffff00"},{"time":0.5,"color":"ffffffff"},{"time":1,"color":"ffffff00"},{"time":1.5,"color":"ffffffff"},{"time":2,"color":"ffffff00"}]},"xe3":{"color":[{"color":"bd8d8d00","curve":"stepped"},{"time":0.3333,"color":"bd8d8d00"},{"time":0.4,"color":"bd8d8dff"},{"time":0.8333,"color":"bd8d8d00"}]}},"bones":{"Light":{"scale":[{"time":0.6667,"x":1.019,"y":1.019},{"time":0.8333,"x":1.05,"y":1.05}]},"Light2":{"scale":[{"time":0.6667,"x":1.019,"y":1.019},{"time":0.8333,"x":1.05,"y":1.05}]},"bone9":{"translate":[{"time":0.5},{"time":0.6667,"x":0.93,"y":11.6},{"time":0.8333,"x":0.46,"y":0.25},{"time":1,"y":12.56},{"time":1.1667},{"time":1.3333,"y":12.56},{"time":1.5},{"time":1.7333,"y":12.56},{"time":2}],"scale":[{"time":0.5},{"time":0.6667,"x":1.2},{"time":0.8333},{"time":1,"x":1.5,"y":1.1},{"time":1.1667},{"time":1.3333,"x":1.1,"y":1.1},{"time":1.5},{"time":1.7333,"x":1.1,"y":1.1},{"time":2}]},"bone7":{"rotate":[{"angle":-0.25}]},"bone":{"translate":[{},{"time":0.3333,"x":-1.66,"y":21.99},{"time":0.5,"x":0.17,"y":-2.2},{"time":0.6667},{"time":0.7667,"x":-0.11,"y":1.53},{"time":0.8667},{"time":1,"x":-0.11,"y":1.53},{"time":1.1},{"time":1.2333,"x":-0.11,"y":1.53},{"time":1.3667},{"time":1.5,"x":-0.11,"y":1.53},{"time":1.6667},{"time":1.8333,"x":-0.11,"y":1.53},{"time":2}],"scale":[{},{"time":0.3333,"y":0.91},{"time":0.5,"y":1.05},{"time":0.6667},{"time":0.7667,"x":1.05,"y":1.03},{"time":0.8667},{"time":1,"x":1.05,"y":1.03},{"time":1.1},{"time":1.2333,"x":1.05,"y":1.03},{"time":1.3667},{"time":1.5,"x":1.05,"y":1.03},{"time":1.6667},{"time":1.8333,"x":1.05,"y":1.03},{"time":2}]},"bone6":{"scale":[{},{"time":0.3333,"x":0.8},{"time":0.5}]},"bone5":{"rotate":[{},{"time":0.3333,"angle":6},{"time":0.5}],"translate":[{},{"time":0.3333,"x":-2.04,"y":2.86},{"time":0.5}],"scale":[{},{"time":0.3333,"x":0.7},{"time":0.5}]},"bone4":{"rotate":[{"time":0.5},{"time":0.6667,"angle":1.14},{"time":2}],"scale":[{},{"time":0.3333,"x":0.934,"y":0.934},{"time":0.5}]},"bone8":{"translate":[{"time":0.5},{"time":0.6667,"x":0.93,"y":11.6},{"time":0.8333},{"time":1,"y":12.56},{"time":1.1667},{"time":1.3333,"y":12.56},{"time":1.5},{"time":1.7333,"y":12.56},{"time":2}],"scale":[{"time":0.5},{"time":0.6667,"x":1.2},{"time":0.8333},{"time":1,"x":1.1,"y":1.1},{"time":1.1667},{"time":1.3333,"x":1.1,"y":1.1},{"time":1.5},{"time":1.7333,"x":1.1,"y":1.1},{"time":2}]}},"deform":{"default":{"bg":{"free_bg":[{"time":0.4333},{"time":0.5,"offset":12,"vertices":[-1.38001,-6.20999,0,0,0,0,0,0,0,0,0,0,0,0,0,0,24.95696,-5.23805,10.92001,-6.36499,62.99899,29.04296,20.87601,2E-05,7.092,0.35801,30.58099,15.36099,12.42199,7.06203,-5.01199,6.80198,0.358,3.222,-1.49701,5.489,1.43199,3.58001,1.63799,6.76902,-6.17698,8.30698,-10.61393,6.48498,-8.96898,6.87195,-19.48795,2.89,-5.30399,-2.20798,-35.78296,11.19098,-14.431,14.304,-20.83493,35.27493,-3.02403,-3.41399,0,0,0,0,1.38,-6.20999,0.69,-11.72998,-1.38001,-0.69002,0,0,0,0,0,0,0,0,-18.47999,-5.03999]},{"time":1.1667}]},"light":{"free_light":[{"time":0.6667,"vertices":[-1.2895,-1.80823,-1.004,1.98103,1.2895,1.80823,1.004,-1.98103]},{"time":0.8333,"curve":"stepped","vertices":[-1.99872,-2.80276,-1.55621,3.07059,1.99872,2.80276,1.5562,-3.0706]},{"time":1.9,"vertices":[-1.99872,-2.80276,-1.55621,3.07059,1.99872,2.80276,1.5562,-3.0706]},{"time":2,"vertices":[-1.2895,-1.80823,-1.004,1.98103,1.2895,1.80823,1.004,-1.98103]}]},"light2":{"free_light":[{"time":0.6667,"vertices":[-1.2895,-1.80823,-1.004,1.98103,1.2895,1.80823,1.004,-1.98103]},{"time":0.8333,"curve":"stepped","vertices":[-1.99872,-2.80276,-1.55621,3.07059,1.99872,2.80276,1.5562,-3.0706]},{"time":1.9,"vertices":[-1.99872,-2.80276,-1.55621,3.07059,1.99872,2.80276,1.5562,-3.0706]},{"time":2,"vertices":[-1.2895,-1.80823,-1.004,1.98103,1.2895,1.80823,1.004,-1.98103]}]},"light3":{"free_light":[{"time":0.6667,"vertices":[-1.2895,-1.80823,-1.004,1.98103,1.2895,1.80823,1.004,-1.98103]},{"time":0.8333,"curve":"stepped","vertices":[-1.99872,-2.80276,-1.55621,3.07059,1.99872,2.80276,1.5562,-3.0706]},{"time":1.9,"vertices":[-1.99872,-2.80276,-1.55621,3.07059,1.99872,2.80276,1.5562,-3.0706]},{"time":2,"vertices":[-1.2895,-1.80823,-1.004,1.98103,1.2895,1.80823,1.004,-1.98103]}]},"light4":{"free_light":[{"time":0.6667,"vertices":[-1.2895,-1.80823,-1.004,1.98103,1.2895,1.80823,1.004,-1.98103]},{"time":0.8333,"curve":"stepped","vertices":[-1.99872,-2.80276,-1.55621,3.07059,1.99872,2.80276,1.5562,-3.0706]},{"time":1.9,"vertices":[-1.99872,-2.80276,-1.55621,3.07059,1.99872,2.80276,1.5562,-3.0706]},{"time":2,"vertices":[-1.2895,-1.80823,-1.004,1.98103,1.2895,1.80823,1.004,-1.98103]}]}}}},"idle":{"slots":{"light3":{"color":[{"color":"ffffff00"},{"time":1,"color":"ffffffff"},{"time":2,"color":"ffffff00"}]},"light4":{"color":[{"color":"ffffff00"},{"time":1,"color":"ffffffff"},{"time":2,"color":"ffffff00"}]},"text2":{"attachment":[{"name":null}]},"text3":{"attachment":[{"name":null}]},"text4":{"attachment":[{"name":null}]},"viền":{"attachment":[{"name":null}]},"xe3":{"attachment":[{"name":null}]}},"bones":{"bone":{"translate":[{},{"time":1,"x":-0.3,"y":4.04},{"time":2}],"scale":[{},{"time":1,"x":1.016,"y":1.032},{"time":2}]}}},"idle2":{"slots":{"bg":{"color":[{"color":"525154ff"}]},"light":{"color":[{"color":"525154ff"}]},"light2":{"color":[{"color":"525154ff"}]},"light3":{"color":[{"color":"525154ff"}]},"light4":{"color":[{"color":"525154ff"}]},"text":{"color":[{"color":"525154ff"}]},"text2":{"color":[{"color":"525154ff"}]},"text3":{"color":[{"color":"525154ff"}]},"text4":{"color":[{"color":"525154ff"}],"attachment":[{"name":null}]},"viền":{"color":[{"color":"525154ff"}]},"viền2":{"color":[{"color":"525154ff"}]},"xe":{"color":[{"color":"525154ff"}]},"xe2":{"color":[{"color":"525154ff"}]},"xe3":{"attachment":[{"name":null}]}}}}}