{"skeleton":{"hash":"ika5tVojcWpgirILtm663TzoK6s","spine":"3.8.99","x":-80.02,"y":-76.15,"width":160.02,"height":145.97,"images":"/Users/hien/Downloads/BIGCITY_AA/mini_bonus","audio":""},"bones":[{"name":"root"},{"name":"bone31","parent":"root"},{"name":"bone","parent":"bone31","length":100.28,"rotation":89.78,"x":-25.92,"y":-53.5,"color":"45ff30ff"},{"name":"bone2","parent":"bone31","length":37.32,"rotation":89.42,"x":38.17,"y":-48.23,"color":"ffd400ff"},{"name":"bone4","parent":"root","rotation":90,"x":43.7,"y":10.97},{"name":"bone3","parent":"bone4","length":18.63,"x":-18.63},{"name":"bone5","parent":"bone4","length":18.63,"x":-18.63},{"name":"bone6","parent":"bone4","length":18.63,"x":-18.63},{"name":"bone7","parent":"bone4","length":18.63,"x":-18.63},{"name":"bone8","parent":"bone4","length":18.63,"x":-18.63},{"name":"bone9","parent":"bone4","length":18.63,"x":-18.63},{"name":"bone10","parent":"bone4","length":18.63,"x":-18.63},{"name":"bone11","parent":"bone4","length":18.63,"x":-18.63},{"name":"bone12","parent":"bone4","length":18.63,"x":-18.63},{"name":"bone13","parent":"root","rotation":90,"x":43.7,"y":10.97},{"name":"bone14","parent":"bone13","length":18.63,"x":-18.63},{"name":"bone15","parent":"bone13","length":18.63,"x":-18.63},{"name":"bone16","parent":"bone13","length":18.63,"x":-18.63},{"name":"bone17","parent":"bone13","length":18.63,"x":-18.63},{"name":"bone18","parent":"bone13","length":18.63,"x":-18.63},{"name":"bone19","parent":"bone13","length":18.63,"x":-18.63},{"name":"bone20","parent":"bone13","length":18.63,"x":-18.63},{"name":"bone21","parent":"bone13","length":18.63,"x":-18.63},{"name":"bone22","parent":"bone13","length":18.63,"x":-18.63},{"name":"bone23","parent":"bone31","length":25.79,"rotation":-74.71,"x":8.5,"y":-24.75},{"name":"bone24","parent":"root","x":30.77,"y":-10.44},{"name":"bone25","parent":"root","x":30.77,"y":-10.44},{"name":"bone26","parent":"root","length":130.75,"rotation":88.95,"x":-2.76,"y":-68.94},{"name":"bone27","parent":"root","length":130.75,"rotation":88.95,"x":-2.76,"y":-68.94},{"name":"bone28","parent":"root","length":61.75,"rotation":89.18,"x":-4.48,"y":-151.56},{"name":"bone29","parent":"root","length":22.86,"rotation":92.05,"x":1.09,"y":-65.92},{"name":"bone30","parent":"root","length":22.86,"rotation":92.05,"x":1.09,"y":-65.92},{"name":"bone32","parent":"bone","x":100.28,"color":"45ff30ff"}],"slots":[{"name":"bg","bone":"root","attachment":"bonus_bg"},{"name":"ruou","bone":"bone","attachment":"ruou"},{"name":"Shape-1055-copy-2_0002_Layer-47","bone":"bone3","color":"ff4f4fff","attachment":"Shape-1055-copy-2_0002_Layer-47"},{"name":"Shape-1055-copy-2_0002_Layer-56","bone":"bone14","color":"ff0000ff","attachment":"Shape-1055-copy-2_0002_Layer-47"},{"name":"Shape-1055-copy-2_0002_Layer-48","bone":"bone5","color":"f95f7bff","attachment":"Shape-1055-copy-2_0002_Layer-47"},{"name":"Shape-1055-copy-2_0002_Layer-57","bone":"bone15","color":"ff2929ff","attachment":"Shape-1055-copy-2_0002_Layer-47"},{"name":"Shape-1055-copy-2_0002_Layer-49","bone":"bone6","color":"ff1334ff","attachment":"Shape-1055-copy-2_0002_Layer-47"},{"name":"Shape-1055-copy-2_0002_Layer-58","bone":"bone16","color":"ff0000ff","attachment":"Shape-1055-copy-2_0002_Layer-47"},{"name":"Shape-1055-copy-2_0002_Layer-50","bone":"bone7","color":"ff85a2ff","attachment":"Shape-1055-copy-2_0002_Layer-47"},{"name":"Shape-1055-copy-2_0002_Layer-59","bone":"bone17","color":"ff4545ff","attachment":"Shape-1055-copy-2_0002_Layer-47"},{"name":"Shape-1055-copy-2_0002_Layer-51","bone":"bone8","color":"ff144bff","attachment":"Shape-1055-copy-2_0002_Layer-47"},{"name":"Shape-1055-copy-2_0002_Layer-60","bone":"bone18","color":"ff0618ff","attachment":"Shape-1055-copy-2_0002_Layer-47"},{"name":"Shape-1055-copy-2_0002_Layer-52","bone":"bone9","color":"ff0606ff","attachment":"Shape-1055-copy-2_0002_Layer-47"},{"name":"Shape-1055-copy-2_0002_Layer-61","bone":"bone19","color":"ff4747ff","attachment":"Shape-1055-copy-2_0002_Layer-47"},{"name":"Shape-1055-copy-2_0002_Layer-53","bone":"bone10","color":"ff2440ff","attachment":"Shape-1055-copy-2_0002_Layer-47"},{"name":"Shape-1055-copy-2_0002_Layer-62","bone":"bone20","color":"ff202bff","attachment":"Shape-1055-copy-2_0002_Layer-47"},{"name":"Shape-1055-copy-2_0002_Layer-54","bone":"bone11","color":"ff0000ff","attachment":"Shape-1055-copy-2_0002_Layer-47"},{"name":"Shape-1055-copy-2_0002_Layer-63","bone":"bone21","color":"ff2f2fff","attachment":"Shape-1055-copy-2_0002_Layer-47"},{"name":"Shape-1055-copy-2_0002_Layer-55","bone":"bone12","color":"ff3d3dff","attachment":"Shape-1055-copy-2_0002_Layer-47"},{"name":"Shape-1055-copy-2_0002_Layer-64","bone":"bone22","color":"ff0b0bff","attachment":"Shape-1055-copy-2_0002_Layer-47"},{"name":"ly","bone":"bone2","attachment":"ly"},{"name":"xu","bone":"bone23","attachment":"xu"},{"name":"text","bone":"bone29","attachment":"bonus_text"},{"name":"text4","bone":"bone30","attachment":"bonus_text"},{"name":"root","bone":"bone24","color":"ffed85ff","attachment":"bonus_light"},{"name":"root2","bone":"bone25","color":"ffed85ff","attachment":"bonus_light"},{"name":"ruou3","bone":"bone32","color":"d564ffff","attachment":"ruou","blend":"additive"},{"name":"khung2","bone":"bone26","color":"973bd5ff","attachment":"bonus_khung"},{"name":"khung4","bone":"bone27","attachment":"bonus_khung"},{"name":"ruou2","bone":"bone","attachment":"ruou"},{"name":"Shape-1055-copy-2_0002_Layer-82","bone":"bone3","color":"ff4f4fff","attachment":"Shape-1055-copy-2_0002_Layer-47"},{"name":"Shape-1055-copy-2_0002_Layer-81","bone":"bone14","color":"ff0000ff","attachment":"Shape-1055-copy-2_0002_Layer-47"},{"name":"Shape-1055-copy-2_0002_Layer-80","bone":"bone5","color":"f95f7bff","attachment":"Shape-1055-copy-2_0002_Layer-47"},{"name":"Shape-1055-copy-2_0002_Layer-79","bone":"bone15","color":"ff2929ff","attachment":"Shape-1055-copy-2_0002_Layer-47"},{"name":"Shape-1055-copy-2_0002_Layer-78","bone":"bone6","color":"ff1334ff","attachment":"Shape-1055-copy-2_0002_Layer-47"},{"name":"Shape-1055-copy-2_0002_Layer-77","bone":"bone16","color":"ff0000ff","attachment":"Shape-1055-copy-2_0002_Layer-47"},{"name":"Shape-1055-copy-2_0002_Layer-76","bone":"bone7","color":"ff85a2ff","attachment":"Shape-1055-copy-2_0002_Layer-47"},{"name":"Shape-1055-copy-2_0002_Layer-75","bone":"bone17","color":"ff4545ff","attachment":"Shape-1055-copy-2_0002_Layer-47"},{"name":"Shape-1055-copy-2_0002_Layer-74","bone":"bone8","color":"ff144bff","attachment":"Shape-1055-copy-2_0002_Layer-47"},{"name":"Shape-1055-copy-2_0002_Layer-73","bone":"bone18","color":"ff0618ff","attachment":"Shape-1055-copy-2_0002_Layer-47"},{"name":"Shape-1055-copy-2_0002_Layer-72","bone":"bone9","color":"ff0606ff","attachment":"Shape-1055-copy-2_0002_Layer-47"},{"name":"Shape-1055-copy-2_0002_Layer-71","bone":"bone19","color":"ff4747ff","attachment":"Shape-1055-copy-2_0002_Layer-47"},{"name":"Shape-1055-copy-2_0002_Layer-70","bone":"bone10","color":"ff2440ff","attachment":"Shape-1055-copy-2_0002_Layer-47"},{"name":"Shape-1055-copy-2_0002_Layer-69","bone":"bone20","color":"ff202bff","attachment":"Shape-1055-copy-2_0002_Layer-47"},{"name":"Shape-1055-copy-2_0002_Layer-68","bone":"bone11","color":"ff0000ff","attachment":"Shape-1055-copy-2_0002_Layer-47"},{"name":"Shape-1055-copy-2_0002_Layer-67","bone":"bone21","color":"ff2f2fff","attachment":"Shape-1055-copy-2_0002_Layer-47"},{"name":"Shape-1055-copy-2_0002_Layer-66","bone":"bone12","color":"ff3d3dff","attachment":"Shape-1055-copy-2_0002_Layer-47"},{"name":"Shape-1055-copy-2_0002_Layer-65","bone":"bone22","color":"ff0b0bff","attachment":"Shape-1055-copy-2_0002_Layer-47"},{"name":"ly2","bone":"bone2","attachment":"ly"},{"name":"xu2","bone":"bone23","attachment":"xu"},{"name":"text2","bone":"root","attachment":"bonus_text"},{"name":"text3","bone":"bone29","attachment":"bonus_text"},{"name":"root4","bone":"bone24","color":"ffed85ff","attachment":"bonus_light"},{"name":"root3","bone":"bone25","color":"ffed85ff","attachment":"bonus_light"}],"skins":[{"name":"default","attachments":{"Shape-1055-copy-2_0002_Layer-47":{"Shape-1055-copy-2_0002_Layer-47":{"type":"mesh","hull":4,"width":10,"height":27,"uvs":[1,1,0,1,0,0,1,0],"triangles":[1,2,3,1,3,0],"vertices":[-2.58,-5.67,-2.58,4.33,24.42,4.33,24.42,-5.67],"edges":[0,2,2,4,4,6,0,6]}},"Shape-1055-copy-2_0002_Layer-48":{"Shape-1055-copy-2_0002_Layer-47":{"type":"mesh","hull":4,"width":10,"height":27,"uvs":[1,1,0,1,0,0,1,0],"triangles":[1,2,3,1,3,0],"vertices":[-2.58,-5.67,-2.58,4.33,24.42,4.33,24.42,-5.67],"edges":[0,2,2,4,4,6,0,6]}},"Shape-1055-copy-2_0002_Layer-49":{"Shape-1055-copy-2_0002_Layer-47":{"type":"mesh","hull":4,"width":10,"height":27,"uvs":[1,1,0,1,0,0,1,0],"triangles":[1,2,3,1,3,0],"vertices":[-2.58,-5.67,-2.58,4.33,24.42,4.33,24.42,-5.67],"edges":[0,2,2,4,4,6,0,6]}},"Shape-1055-copy-2_0002_Layer-50":{"Shape-1055-copy-2_0002_Layer-47":{"type":"mesh","hull":4,"width":10,"height":27,"uvs":[1,1,0,1,0,0,1,0],"triangles":[1,2,3,1,3,0],"vertices":[-2.58,-5.67,-2.58,4.33,24.42,4.33,24.42,-5.67],"edges":[0,2,2,4,4,6,0,6]}},"Shape-1055-copy-2_0002_Layer-51":{"Shape-1055-copy-2_0002_Layer-47":{"type":"mesh","hull":4,"width":10,"height":27,"uvs":[1,1,0,1,0,0,1,0],"triangles":[1,2,3,1,3,0],"vertices":[-2.58,-5.67,-2.58,4.33,24.42,4.33,24.42,-5.67],"edges":[0,2,2,4,4,6,0,6]}},"Shape-1055-copy-2_0002_Layer-52":{"Shape-1055-copy-2_0002_Layer-47":{"type":"mesh","hull":4,"width":10,"height":27,"uvs":[1,1,0,1,0,0,1,0],"triangles":[1,2,3,1,3,0],"vertices":[-2.58,-5.67,-2.58,4.33,24.42,4.33,24.42,-5.67],"edges":[0,2,2,4,4,6,0,6]}},"Shape-1055-copy-2_0002_Layer-53":{"Shape-1055-copy-2_0002_Layer-47":{"type":"mesh","hull":4,"width":10,"height":27,"uvs":[1,1,0,1,0,0,1,0],"triangles":[1,2,3,1,3,0],"vertices":[-2.58,-5.67,-2.58,4.33,24.42,4.33,24.42,-5.67],"edges":[0,2,2,4,4,6,0,6]}},"Shape-1055-copy-2_0002_Layer-54":{"Shape-1055-copy-2_0002_Layer-47":{"type":"mesh","hull":4,"width":10,"height":27,"uvs":[1,1,0,1,0,0,1,0],"triangles":[1,2,3,1,3,0],"vertices":[-2.58,-5.67,-2.58,4.33,24.42,4.33,24.42,-5.67],"edges":[0,2,2,4,4,6,0,6]}},"Shape-1055-copy-2_0002_Layer-55":{"Shape-1055-copy-2_0002_Layer-47":{"type":"mesh","hull":4,"width":10,"height":27,"uvs":[1,1,0,1,0,0,1,0],"triangles":[1,2,3,1,3,0],"vertices":[-2.58,-5.67,-2.58,4.33,24.42,4.33,24.42,-5.67],"edges":[0,2,2,4,4,6,0,6]}},"Shape-1055-copy-2_0002_Layer-56":{"Shape-1055-copy-2_0002_Layer-47":{"type":"mesh","hull":4,"width":10,"height":27,"uvs":[1,1,0,1,0,0,1,0],"triangles":[1,2,3,1,3,0],"vertices":[-2.58,-5.67,-2.58,4.33,24.42,4.33,24.42,-5.67],"edges":[0,2,2,4,4,6,0,6]}},"Shape-1055-copy-2_0002_Layer-57":{"Shape-1055-copy-2_0002_Layer-47":{"type":"mesh","hull":4,"width":10,"height":27,"uvs":[1,1,0,1,0,0,1,0],"triangles":[1,2,3,1,3,0],"vertices":[-2.58,-5.67,-2.58,4.33,24.42,4.33,24.42,-5.67],"edges":[0,2,2,4,4,6,0,6]}},"Shape-1055-copy-2_0002_Layer-58":{"Shape-1055-copy-2_0002_Layer-47":{"type":"mesh","hull":4,"width":10,"height":27,"uvs":[1,1,0,1,0,0,1,0],"triangles":[1,2,3,1,3,0],"vertices":[-2.58,-5.67,-2.58,4.33,24.42,4.33,24.42,-5.67],"edges":[0,2,2,4,4,6,0,6]}},"Shape-1055-copy-2_0002_Layer-59":{"Shape-1055-copy-2_0002_Layer-47":{"type":"mesh","hull":4,"width":10,"height":27,"uvs":[1,1,0,1,0,0,1,0],"triangles":[1,2,3,1,3,0],"vertices":[-2.58,-5.67,-2.58,4.33,24.42,4.33,24.42,-5.67],"edges":[0,2,2,4,4,6,0,6]}},"Shape-1055-copy-2_0002_Layer-60":{"Shape-1055-copy-2_0002_Layer-47":{"type":"mesh","hull":4,"width":10,"height":27,"uvs":[1,1,0,1,0,0,1,0],"triangles":[1,2,3,1,3,0],"vertices":[-2.58,-5.67,-2.58,4.33,24.42,4.33,24.42,-5.67],"edges":[0,2,2,4,4,6,0,6]}},"Shape-1055-copy-2_0002_Layer-61":{"Shape-1055-copy-2_0002_Layer-47":{"type":"mesh","hull":4,"width":10,"height":27,"uvs":[1,1,0,1,0,0,1,0],"triangles":[1,2,3,1,3,0],"vertices":[-2.58,-5.67,-2.58,4.33,24.42,4.33,24.42,-5.67],"edges":[0,2,2,4,4,6,0,6]}},"Shape-1055-copy-2_0002_Layer-62":{"Shape-1055-copy-2_0002_Layer-47":{"type":"mesh","hull":4,"width":10,"height":27,"uvs":[1,1,0,1,0,0,1,0],"triangles":[1,2,3,1,3,0],"vertices":[-2.58,-5.67,-2.58,4.33,24.42,4.33,24.42,-5.67],"edges":[0,2,2,4,4,6,0,6]}},"Shape-1055-copy-2_0002_Layer-63":{"Shape-1055-copy-2_0002_Layer-47":{"type":"mesh","hull":4,"width":10,"height":27,"uvs":[1,1,0,1,0,0,1,0],"triangles":[1,2,3,1,3,0],"vertices":[-2.58,-5.67,-2.58,4.33,24.42,4.33,24.42,-5.67],"edges":[0,2,2,4,4,6,0,6]}},"Shape-1055-copy-2_0002_Layer-64":{"Shape-1055-copy-2_0002_Layer-47":{"type":"mesh","hull":4,"width":10,"height":27,"uvs":[1,1,0,1,0,0,1,0],"triangles":[1,2,3,1,3,0],"vertices":[-2.58,-5.67,-2.58,4.33,24.42,4.33,24.42,-5.67],"edges":[0,2,2,4,4,6,0,6]}},"Shape-1055-copy-2_0002_Layer-65":{"Shape-1055-copy-2_0002_Layer-47":{"type":"mesh","hull":4,"width":10,"height":27,"uvs":[1,1,0,1,0,0,1,0],"triangles":[1,2,3,1,3,0],"vertices":[-2.58,-5.67,-2.58,4.33,24.42,4.33,24.42,-5.67],"edges":[0,2,2,4,4,6,0,6]}},"Shape-1055-copy-2_0002_Layer-66":{"Shape-1055-copy-2_0002_Layer-47":{"type":"mesh","hull":4,"width":10,"height":27,"uvs":[1,1,0,1,0,0,1,0],"triangles":[1,2,3,1,3,0],"vertices":[-2.58,-5.67,-2.58,4.33,24.42,4.33,24.42,-5.67],"edges":[0,2,2,4,4,6,0,6]}},"Shape-1055-copy-2_0002_Layer-67":{"Shape-1055-copy-2_0002_Layer-47":{"type":"mesh","hull":4,"width":10,"height":27,"uvs":[1,1,0,1,0,0,1,0],"triangles":[1,2,3,1,3,0],"vertices":[-2.58,-5.67,-2.58,4.33,24.42,4.33,24.42,-5.67],"edges":[0,2,2,4,4,6,0,6]}},"Shape-1055-copy-2_0002_Layer-68":{"Shape-1055-copy-2_0002_Layer-47":{"type":"mesh","hull":4,"width":10,"height":27,"uvs":[1,1,0,1,0,0,1,0],"triangles":[1,2,3,1,3,0],"vertices":[-2.58,-5.67,-2.58,4.33,24.42,4.33,24.42,-5.67],"edges":[0,2,2,4,4,6,0,6]}},"Shape-1055-copy-2_0002_Layer-69":{"Shape-1055-copy-2_0002_Layer-47":{"type":"mesh","hull":4,"width":10,"height":27,"uvs":[1,1,0,1,0,0,1,0],"triangles":[1,2,3,1,3,0],"vertices":[-2.58,-5.67,-2.58,4.33,24.42,4.33,24.42,-5.67],"edges":[0,2,2,4,4,6,0,6]}},"Shape-1055-copy-2_0002_Layer-70":{"Shape-1055-copy-2_0002_Layer-47":{"type":"mesh","hull":4,"width":10,"height":27,"uvs":[1,1,0,1,0,0,1,0],"triangles":[1,2,3,1,3,0],"vertices":[-2.58,-5.67,-2.58,4.33,24.42,4.33,24.42,-5.67],"edges":[0,2,2,4,4,6,0,6]}},"Shape-1055-copy-2_0002_Layer-71":{"Shape-1055-copy-2_0002_Layer-47":{"type":"mesh","hull":4,"width":10,"height":27,"uvs":[1,1,0,1,0,0,1,0],"triangles":[1,2,3,1,3,0],"vertices":[-2.58,-5.67,-2.58,4.33,24.42,4.33,24.42,-5.67],"edges":[0,2,2,4,4,6,0,6]}},"Shape-1055-copy-2_0002_Layer-72":{"Shape-1055-copy-2_0002_Layer-47":{"type":"mesh","hull":4,"width":10,"height":27,"uvs":[1,1,0,1,0,0,1,0],"triangles":[1,2,3,1,3,0],"vertices":[-2.58,-5.67,-2.58,4.33,24.42,4.33,24.42,-5.67],"edges":[0,2,2,4,4,6,0,6]}},"Shape-1055-copy-2_0002_Layer-73":{"Shape-1055-copy-2_0002_Layer-47":{"type":"mesh","hull":4,"width":10,"height":27,"uvs":[1,1,0,1,0,0,1,0],"triangles":[1,2,3,1,3,0],"vertices":[-2.58,-5.67,-2.58,4.33,24.42,4.33,24.42,-5.67],"edges":[0,2,2,4,4,6,0,6]}},"Shape-1055-copy-2_0002_Layer-74":{"Shape-1055-copy-2_0002_Layer-47":{"type":"mesh","hull":4,"width":10,"height":27,"uvs":[1,1,0,1,0,0,1,0],"triangles":[1,2,3,1,3,0],"vertices":[-2.58,-5.67,-2.58,4.33,24.42,4.33,24.42,-5.67],"edges":[0,2,2,4,4,6,0,6]}},"Shape-1055-copy-2_0002_Layer-75":{"Shape-1055-copy-2_0002_Layer-47":{"type":"mesh","hull":4,"width":10,"height":27,"uvs":[1,1,0,1,0,0,1,0],"triangles":[1,2,3,1,3,0],"vertices":[-2.58,-5.67,-2.58,4.33,24.42,4.33,24.42,-5.67],"edges":[0,2,2,4,4,6,0,6]}},"Shape-1055-copy-2_0002_Layer-76":{"Shape-1055-copy-2_0002_Layer-47":{"type":"mesh","hull":4,"width":10,"height":27,"uvs":[1,1,0,1,0,0,1,0],"triangles":[1,2,3,1,3,0],"vertices":[-2.58,-5.67,-2.58,4.33,24.42,4.33,24.42,-5.67],"edges":[0,2,2,4,4,6,0,6]}},"Shape-1055-copy-2_0002_Layer-77":{"Shape-1055-copy-2_0002_Layer-47":{"type":"mesh","hull":4,"width":10,"height":27,"uvs":[1,1,0,1,0,0,1,0],"triangles":[1,2,3,1,3,0],"vertices":[-2.58,-5.67,-2.58,4.33,24.42,4.33,24.42,-5.67],"edges":[0,2,2,4,4,6,0,6]}},"Shape-1055-copy-2_0002_Layer-78":{"Shape-1055-copy-2_0002_Layer-47":{"type":"mesh","hull":4,"width":10,"height":27,"uvs":[1,1,0,1,0,0,1,0],"triangles":[1,2,3,1,3,0],"vertices":[-2.58,-5.67,-2.58,4.33,24.42,4.33,24.42,-5.67],"edges":[0,2,2,4,4,6,0,6]}},"Shape-1055-copy-2_0002_Layer-79":{"Shape-1055-copy-2_0002_Layer-47":{"type":"mesh","hull":4,"width":10,"height":27,"uvs":[1,1,0,1,0,0,1,0],"triangles":[1,2,3,1,3,0],"vertices":[-2.58,-5.67,-2.58,4.33,24.42,4.33,24.42,-5.67],"edges":[0,2,2,4,4,6,0,6]}},"Shape-1055-copy-2_0002_Layer-80":{"Shape-1055-copy-2_0002_Layer-47":{"type":"mesh","hull":4,"width":10,"height":27,"uvs":[1,1,0,1,0,0,1,0],"triangles":[1,2,3,1,3,0],"vertices":[-2.58,-5.67,-2.58,4.33,24.42,4.33,24.42,-5.67],"edges":[0,2,2,4,4,6,0,6]}},"Shape-1055-copy-2_0002_Layer-81":{"Shape-1055-copy-2_0002_Layer-47":{"type":"mesh","hull":4,"width":10,"height":27,"uvs":[1,1,0,1,0,0,1,0],"triangles":[1,2,3,1,3,0],"vertices":[-2.58,-5.67,-2.58,4.33,24.42,4.33,24.42,-5.67],"edges":[0,2,2,4,4,6,0,6]}},"Shape-1055-copy-2_0002_Layer-82":{"Shape-1055-copy-2_0002_Layer-47":{"type":"mesh","hull":4,"width":10,"height":27,"uvs":[1,1,0,1,0,0,1,0],"triangles":[1,2,3,1,3,0],"vertices":[-2.58,-5.67,-2.58,4.33,24.42,4.33,24.42,-5.67],"edges":[0,2,2,4,4,6,0,6]}},"bg":{"bonus_bg":{"type":"mesh","hull":9,"width":141,"height":146,"uvs":[0.00606,0.07141,0.20267,0.00278,0.5497,0.00163,0.86521,0.00016,1,0.06694,1,0.88471,0.85988,0.99221,0.14282,1,0,0.89471],"triangles":[3,4,5,5,6,2,5,2,3,1,8,0,2,7,8,2,8,1,6,7,2],"vertices":[-70.83,59.42,-43.11,69.44,5.82,69.61,50.31,69.82,69.31,60.07,69.31,-59.32,49.56,-75.02,-51.55,-76.15,-71.69,-60.78],"edges":[0,2,2,4,4,6,6,8,8,10,10,12,12,14,14,16,0,16]}},"khung2":{"bonus_khung":{"type":"mesh","hull":4,"width":160,"height":137,"uvs":[1,1,0,1,0,0,1,0],"triangles":[1,2,3,1,3,0],"vertices":[2.46,-82.73,-0.48,77.25,136.49,79.77,139.44,-80.21],"edges":[0,2,2,4,4,6,0,6]}},"khung4":{"bonus_khung":{"type":"mesh","hull":4,"width":160,"height":137,"uvs":[1,1,0,1,0,0,1,0],"triangles":[1,2,3,1,3,0],"vertices":[2.46,-82.73,-0.48,77.25,136.49,79.77,139.44,-80.21],"edges":[0,2,2,4,4,6,0,6]}},"ly":{"ly":{"type":"mesh","hull":8,"width":53,"height":45,"uvs":[0.12212,0,0,0.04367,0,0.93233,0.09373,1,0.92938,0.99922,1,0.92277,1,0.04844,0.91721,0],"triangles":[7,6,5,2,1,0,5,0,7,3,2,0,5,3,0,4,3,5],"vertices":[40.78,23.91,38.75,30.15,-1.24,29.75,-4.23,24.75,-3.75,-19.54,-0.27,-23.25,39.07,-22.85,41.2,-18.44],"edges":[0,2,2,4,4,6,6,8,8,10,10,12,12,14,0,14]}},"ly2":{"ly":{"type":"mesh","hull":8,"width":53,"height":45,"uvs":[0.12212,0,0,0.04367,0,0.93233,0.09373,1,0.92938,0.99922,1,0.92277,1,0.04844,0.91721,0],"triangles":[7,6,5,2,1,0,5,0,7,3,2,0,5,3,0,4,3,5],"vertices":[40.78,23.91,38.75,30.15,-1.24,29.75,-4.23,24.75,-3.75,-19.54,-0.27,-23.25,39.07,-22.85,41.2,-18.44],"edges":[0,2,2,4,4,6,6,8,8,10,10,12,12,14,0,14]}},"root":{"bonus_light":{"type":"mesh","hull":4,"width":55,"height":55,"uvs":[1,1,0,1,0,0,1,0],"triangles":[1,2,3,1,3,0],"vertices":[-19.3,-33.71,-33.8,19.34,19.25,33.85,33.76,-19.21],"edges":[0,2,2,4,4,6,0,6]}},"root2":{"bonus_light":{"type":"mesh","hull":4,"width":55,"height":55,"uvs":[1,1,0,1,0,0,1,0],"triangles":[1,2,3,1,3,0],"vertices":[-19.3,-33.71,-33.8,19.34,19.25,33.85,33.76,-19.21],"edges":[0,2,2,4,4,6,0,6]}},"root3":{"bonus_light":{"type":"mesh","hull":4,"width":55,"height":55,"uvs":[1,1,0,1,0,0,1,0],"triangles":[1,2,3,1,3,0],"vertices":[-19.3,-33.71,-33.8,19.34,19.25,33.85,33.76,-19.21],"edges":[0,2,2,4,4,6,0,6]}},"root4":{"bonus_light":{"type":"mesh","hull":4,"width":55,"height":55,"uvs":[1,1,0,1,0,0,1,0],"triangles":[1,2,3,1,3,0],"vertices":[-19.3,-33.71,-33.8,19.34,19.25,33.85,33.76,-19.21],"edges":[0,2,2,4,4,6,0,6]}},"ruou":{"ruou":{"type":"mesh","hull":14,"width":96,"height":132,"uvs":[0.44914,1,0.04378,0.93826,0,0.86333,0,0.26231,0.06617,0.18413,0.25878,0.15318,0.26326,0.06686,0.44466,0.0408,0.67534,0.06849,0.70669,0.1483,0.8993,0.19716,0.96648,0.2672,0.97768,0.89265,0.69102,1],"triangles":[5,2,3,5,1,2,6,7,5,9,7,8,7,9,5,0,5,9,0,9,13,11,9,10,11,13,9,4,5,3,0,1,5,11,12,13],"vertices":[-14.78,1.71,-6.78,40.87,3.1,45.11,82.43,45.41,92.77,39.09,96.93,20.62,108.32,20.23,111.83,2.83,108.26,-19.33,97.73,-22.38,91.35,-40.89,82.13,-47.38,-0.42,-48.76,-14.7,-21.3],"edges":[0,2,2,4,4,6,6,8,8,10,10,12,12,14,14,16,16,18,18,20,20,22,22,24,24,26,0,26]}},"ruou2":{"ruou":{"type":"mesh","hull":14,"width":96,"height":132,"uvs":[0.44914,1,0.04378,0.93826,0,0.86333,0,0.26231,0.06617,0.18413,0.25878,0.15318,0.26326,0.06686,0.44466,0.0408,0.67534,0.06849,0.70669,0.1483,0.8993,0.19716,0.96648,0.2672,0.97768,0.89265,0.69102,1],"triangles":[5,2,3,5,1,2,6,7,5,9,7,8,7,9,5,0,5,9,0,9,13,11,9,10,11,13,9,4,5,3,0,1,5,11,12,13],"vertices":[-14.78,1.71,-6.78,40.87,3.1,45.11,82.43,45.41,92.77,39.09,96.93,20.62,108.32,20.23,111.83,2.83,108.26,-19.33,97.73,-22.38,91.35,-40.89,82.13,-47.38,-0.42,-48.76,-14.7,-21.3],"edges":[0,2,2,4,4,6,6,8,8,10,10,12,12,14,14,16,16,18,18,20,20,22,22,24,24,26,0,26]}},"ruou3":{"ruou":{"type":"mesh","hull":14,"width":96,"height":132,"uvs":[0.44914,1,0.04378,0.93826,0,0.86333,0,0.26231,0.06617,0.18413,0.25878,0.15318,0.26326,0.06686,0.44466,0.0408,0.67534,0.06849,0.70669,0.1483,0.8993,0.19716,0.96648,0.2672,0.97768,0.89265,0.69102,1],"triangles":[5,2,3,5,1,2,6,7,5,9,7,8,7,9,5,0,5,9,0,9,13,11,9,10,11,13,9,4,5,3,0,1,5,11,12,13],"vertices":[-115.06,1.71,-107.06,40.87,-97.19,45.11,-17.85,45.41,-7.51,39.09,-3.36,20.62,8.04,20.23,11.55,2.83,7.98,-19.33,-2.55,-22.38,-8.93,-40.89,-18.15,-47.38,-100.7,-48.76,-114.98,-21.3],"edges":[0,2,2,4,4,6,6,8,8,10,10,12,12,14,14,16,16,18,18,20,20,22,22,24,24,26,0,26]}},"text":{"bonus_text":{"x":10.36,"y":0.76,"rotation":-92.05,"width":115,"height":29}},"text2":{"bonus_text":{"x":0.5,"y":-55.1,"width":115,"height":29}},"text3":{"bonus_text":{"x":10.36,"y":0.76,"rotation":-92.05,"width":115,"height":29}},"text4":{"bonus_text":{"x":10.36,"y":0.76,"rotation":-92.05,"width":115,"height":29}},"xu":{"xu":{"type":"mesh","hull":4,"width":31,"height":47,"uvs":[1,1,0,1,0,0,1,0],"triangles":[1,2,3,1,3,0],"vertices":[35.99,8.58,27.81,-21.33,-17.52,-8.93,-9.35,20.97],"edges":[0,2,2,4,4,6,0,6]}},"xu2":{"xu":{"type":"mesh","hull":4,"width":31,"height":47,"uvs":[1,1,0,1,0,0,1,0],"triangles":[1,2,3,1,3,0],"vertices":[35.99,8.58,27.81,-21.33,-17.52,-8.93,-9.35,20.97],"edges":[0,2,2,4,4,6,0,6]}}}}],"animations":{"animation":{"slots":{"Shape-1055-copy-2_0002_Layer-47":{"attachment":[{"name":null},{"time":0.6333,"name":"Shape-1055-copy-2_0002_Layer-47"}]},"Shape-1055-copy-2_0002_Layer-48":{"attachment":[{"name":null},{"time":0.6667,"name":"Shape-1055-copy-2_0002_Layer-47"}]},"Shape-1055-copy-2_0002_Layer-49":{"attachment":[{"name":null},{"time":0.5667,"name":"Shape-1055-copy-2_0002_Layer-47"}]},"Shape-1055-copy-2_0002_Layer-50":{"attachment":[{"name":null},{"time":0.7667,"name":"Shape-1055-copy-2_0002_Layer-47"}]},"Shape-1055-copy-2_0002_Layer-51":{"attachment":[{"name":null},{"time":0.8333,"name":"Shape-1055-copy-2_0002_Layer-47"}]},"Shape-1055-copy-2_0002_Layer-52":{"attachment":[{"name":null},{"time":0.8667,"name":"Shape-1055-copy-2_0002_Layer-47"}]},"Shape-1055-copy-2_0002_Layer-53":{"attachment":[{"name":null},{"time":0.9333,"name":"Shape-1055-copy-2_0002_Layer-47"}]},"Shape-1055-copy-2_0002_Layer-54":{"attachment":[{"name":null},{"time":0.9667,"name":"Shape-1055-copy-2_0002_Layer-47"}]},"Shape-1055-copy-2_0002_Layer-55":{"attachment":[{"name":null},{"time":1.0333,"name":"Shape-1055-copy-2_0002_Layer-47"}]},"Shape-1055-copy-2_0002_Layer-56":{"attachment":[{"name":null},{"time":1.0667,"name":"Shape-1055-copy-2_0002_Layer-47"}]},"Shape-1055-copy-2_0002_Layer-57":{"attachment":[{"name":null},{"time":1.1333,"name":"Shape-1055-copy-2_0002_Layer-47"}]},"Shape-1055-copy-2_0002_Layer-58":{"attachment":[{"name":null},{"time":1.1667,"name":"Shape-1055-copy-2_0002_Layer-47"}]},"Shape-1055-copy-2_0002_Layer-59":{"attachment":[{"name":null},{"time":1.2333,"name":"Shape-1055-copy-2_0002_Layer-47"}]},"Shape-1055-copy-2_0002_Layer-60":{"attachment":[{"name":null},{"time":1.2667,"name":"Shape-1055-copy-2_0002_Layer-47"}]},"Shape-1055-copy-2_0002_Layer-61":{"attachment":[{"name":null},{"time":1.3333,"name":"Shape-1055-copy-2_0002_Layer-47"}]},"Shape-1055-copy-2_0002_Layer-62":{"attachment":[{"name":null},{"time":1.3667,"name":"Shape-1055-copy-2_0002_Layer-47"}]},"Shape-1055-copy-2_0002_Layer-63":{"attachment":[{"name":null},{"time":1.4333,"name":"Shape-1055-copy-2_0002_Layer-47"}]},"Shape-1055-copy-2_0002_Layer-64":{"attachment":[{"name":null},{"time":1.4667,"name":"Shape-1055-copy-2_0002_Layer-47"}]},"Shape-1055-copy-2_0002_Layer-65":{"attachment":[{"name":null},{"time":1.4667,"name":"Shape-1055-copy-2_0002_Layer-47"}]},"Shape-1055-copy-2_0002_Layer-66":{"attachment":[{"name":null},{"time":1.0333,"name":"Shape-1055-copy-2_0002_Layer-47"}]},"Shape-1055-copy-2_0002_Layer-67":{"attachment":[{"name":null},{"time":1.4333,"name":"Shape-1055-copy-2_0002_Layer-47"}]},"Shape-1055-copy-2_0002_Layer-68":{"attachment":[{"name":null},{"time":0.9667,"name":"Shape-1055-copy-2_0002_Layer-47"}]},"Shape-1055-copy-2_0002_Layer-69":{"attachment":[{"name":null},{"time":1.3667,"name":"Shape-1055-copy-2_0002_Layer-47"}]},"Shape-1055-copy-2_0002_Layer-70":{"attachment":[{"name":null},{"time":0.9333,"name":"Shape-1055-copy-2_0002_Layer-47"}]},"Shape-1055-copy-2_0002_Layer-71":{"attachment":[{"name":null},{"time":1.3333,"name":"Shape-1055-copy-2_0002_Layer-47"}]},"Shape-1055-copy-2_0002_Layer-72":{"attachment":[{"name":null},{"time":0.8667,"name":"Shape-1055-copy-2_0002_Layer-47"}]},"Shape-1055-copy-2_0002_Layer-73":{"attachment":[{"name":null},{"time":1.2667,"name":"Shape-1055-copy-2_0002_Layer-47"}]},"Shape-1055-copy-2_0002_Layer-74":{"attachment":[{"name":null},{"time":0.8333,"name":"Shape-1055-copy-2_0002_Layer-47"}]},"Shape-1055-copy-2_0002_Layer-75":{"attachment":[{"name":null},{"time":1.2333,"name":"Shape-1055-copy-2_0002_Layer-47"}]},"Shape-1055-copy-2_0002_Layer-76":{"attachment":[{"name":null},{"time":0.7667,"name":"Shape-1055-copy-2_0002_Layer-47"}]},"Shape-1055-copy-2_0002_Layer-77":{"attachment":[{"name":null},{"time":1.1667,"name":"Shape-1055-copy-2_0002_Layer-47"}]},"Shape-1055-copy-2_0002_Layer-78":{"attachment":[{"name":null},{"time":0.5667,"name":"Shape-1055-copy-2_0002_Layer-47"}]},"Shape-1055-copy-2_0002_Layer-79":{"attachment":[{"name":null},{"time":1.1333,"name":"Shape-1055-copy-2_0002_Layer-47"}]},"Shape-1055-copy-2_0002_Layer-80":{"attachment":[{"name":null},{"time":0.6667,"name":"Shape-1055-copy-2_0002_Layer-47"}]},"Shape-1055-copy-2_0002_Layer-81":{"attachment":[{"name":null},{"time":1.0667,"name":"Shape-1055-copy-2_0002_Layer-47"}]},"Shape-1055-copy-2_0002_Layer-82":{"attachment":[{"name":null},{"time":0.6333,"name":"Shape-1055-copy-2_0002_Layer-47"}]},"khung4":{"color":[{"color":"ffb76900"},{"time":0.3333,"color":"ffffffff"},{"time":0.6667,"color":"ffb76968"},{"time":1,"color":"ffffffff"},{"time":1.3333,"color":"ffb76968"},{"time":1.6667,"color":"ffffffff"},{"time":2,"color":"ffb76900"}]},"root":{"color":[{"color":"fbdcd0ff"},{"time":0.5,"color":"ffeaeaff"},{"time":1.1667,"color":"ffd3d300"}],"attachment":[{"name":null},{"time":0.5,"name":"bonus_light"}]},"root2":{"color":[{"time":1.6667,"color":"ffed8500"},{"time":1.8333,"color":"ffe2d2ff"},{"time":2,"color":"ffed8500"}],"attachment":[{"name":null},{"time":1.6667,"name":"bonus_light"}]},"root3":{"color":[{"time":1.6667,"color":"ffed8500"},{"time":1.8333,"color":"fff7cdff"},{"time":2,"color":"ffed8500"}],"attachment":[{"name":null}]},"root4":{"color":[{"color":"ffc8c8ff"},{"time":1.1667,"color":"ff9f9f00"}],"attachment":[{"name":null}]},"ruou3":{"color":[{"color":"d563ff00","curve":"stepped"},{"time":0.3333,"color":"d563ff00"},{"time":0.4,"color":"d563ffff"},{"time":0.6667,"color":"d563ff00"}]},"text2":{"color":[{"color":"ffffff00"}],"attachment":[{"time":0.0667,"name":null}]},"text4":{"color":[{"time":0.3333,"color":"ffffffff"},{"time":0.5667,"color":"ffffff00"}],"attachment":[{"name":null},{"time":0.3333,"name":"bonus_text"},{"time":0.6333,"name":null}]}},"bones":{"bone3":{"rotate":[{"time":0.6333},{"time":0.7333,"angle":-6.92}],"translate":[{"time":0.6333,"x":7.85,"y":1.34},{"time":0.7333,"x":-2.96,"y":3.46},{"time":0.8333,"x":-10.26,"y":4.35}],"scale":[{"time":0.6333,"x":0.517},{"time":0.7333},{"time":0.8333,"x":0.46}]},"bone5":{"rotate":[{"time":0.6667},{"time":0.7667,"angle":-6.92}],"translate":[{"time":0.6667,"x":7.85,"y":1.34},{"time":0.7667,"x":-2.96,"y":3.46},{"time":0.8667,"x":-10.26,"y":4.35}],"scale":[{"time":0.6667,"x":0.517},{"time":0.7667},{"time":0.8667,"x":0.46}]},"bone6":{"rotate":[{"time":0.5667},{"time":0.6333,"angle":-6.92}],"translate":[{"time":0.5667,"x":7.85,"y":1.34},{"time":0.6333,"x":-2.96,"y":3.46},{"time":0.7,"x":-10.26,"y":4.35}],"scale":[{"time":0.5667,"x":0.517},{"time":0.6333},{"time":0.7,"x":0.46}]},"bone7":{"rotate":[{"time":0.7667},{"time":0.8667,"angle":-6.92}],"translate":[{"time":0.7667,"x":7.85,"y":1.34},{"time":0.8667,"x":-2.96,"y":3.46},{"time":0.9667,"x":-10.26,"y":4.35}],"scale":[{"time":0.7667,"x":0.517},{"time":0.8667},{"time":0.9667,"x":0.46}]},"bone8":{"rotate":[{"time":0.8333},{"time":0.9333,"angle":-6.92}],"translate":[{"time":0.8333,"x":7.85,"y":1.34},{"time":0.9333,"x":-2.96,"y":3.46},{"time":1.0333,"x":-10.26,"y":4.35}],"scale":[{"time":0.8333,"x":0.517},{"time":0.9333},{"time":1.0333,"x":0.46}]},"bone9":{"rotate":[{"time":0.8667},{"time":0.9667,"angle":-6.92}],"translate":[{"time":0.8667,"x":7.85,"y":1.34},{"time":0.9667,"x":-2.96,"y":3.46},{"time":1.0667,"x":-10.26,"y":4.35}],"scale":[{"time":0.8667,"x":0.517},{"time":0.9667},{"time":1.0667,"x":0.46}]},"bone10":{"rotate":[{"time":0.9333},{"time":1.0333,"angle":-6.92}],"translate":[{"time":0.9333,"x":7.85,"y":1.34},{"time":1.0333,"x":-2.96,"y":3.46},{"time":1.1333,"x":-10.26,"y":4.35}],"scale":[{"time":0.9333,"x":0.517},{"time":1.0333},{"time":1.1333,"x":0.46}]},"bone11":{"rotate":[{"time":0.9667},{"time":1.0667,"angle":-6.92}],"translate":[{"time":0.9667,"x":7.85,"y":1.34},{"time":1.0667,"x":-2.96,"y":3.46},{"time":1.1667,"x":-10.26,"y":4.35}],"scale":[{"time":0.9667,"x":0.517},{"time":1.0667},{"time":1.1667,"x":0.46}]},"bone12":{"rotate":[{"time":1.0333},{"time":1.1333,"angle":-6.92}],"translate":[{"time":1.0333,"x":7.85,"y":1.34},{"time":1.1333,"x":-2.96,"y":3.46},{"time":1.2333,"x":-10.26,"y":4.35}],"scale":[{"time":1.0333,"x":0.517},{"time":1.1333},{"time":1.2333,"x":0.46}]},"bone14":{"rotate":[{"time":1.0667},{"time":1.1667,"angle":-6.92}],"translate":[{"time":1.0667,"x":7.85,"y":1.34},{"time":1.1667,"x":-2.96,"y":3.46},{"time":1.2667,"x":-10.26,"y":4.35}],"scale":[{"time":1.0667,"x":0.517},{"time":1.1667},{"time":1.2667,"x":0.46}]},"bone15":{"rotate":[{"time":1.1333},{"time":1.2333,"angle":-6.92}],"translate":[{"time":1.1333,"x":7.85,"y":1.34},{"time":1.2333,"x":-2.96,"y":3.46},{"time":1.3333,"x":-10.26,"y":4.35}],"scale":[{"time":1.1333,"x":0.517},{"time":1.2333},{"time":1.3333,"x":0.46}]},"bone16":{"rotate":[{"time":1.1667},{"time":1.2667,"angle":-6.92}],"translate":[{"time":1.1667,"x":7.85,"y":1.34},{"time":1.2667,"x":-2.96,"y":3.46},{"time":1.3667,"x":-10.26,"y":4.35}],"scale":[{"time":1.1667,"x":0.517},{"time":1.2667},{"time":1.3667,"x":0.46}]},"bone17":{"rotate":[{"time":1.2333},{"time":1.3333,"angle":-6.92}],"translate":[{"time":1.2333,"x":7.85,"y":1.34},{"time":1.3333,"x":-2.96,"y":3.46},{"time":1.4333,"x":-10.26,"y":4.35}],"scale":[{"time":1.2333,"x":0.517},{"time":1.3333},{"time":1.4333,"x":0.46}]},"bone18":{"rotate":[{"time":1.2667},{"time":1.3667,"angle":-6.92}],"translate":[{"time":1.2667,"x":7.85,"y":1.34},{"time":1.3667,"x":-2.96,"y":3.46},{"time":1.4667,"x":-10.26,"y":4.35}],"scale":[{"time":1.2667,"x":0.517},{"time":1.3667},{"time":1.4667,"x":0.46}]},"bone19":{"rotate":[{"time":1.3333},{"time":1.4333,"angle":-6.92}],"translate":[{"time":1.3333,"x":7.85,"y":1.34},{"time":1.4333,"x":-2.96,"y":3.46},{"time":1.5333,"x":-10.26,"y":4.35}],"scale":[{"time":1.3333,"x":0.517},{"time":1.4333},{"time":1.5333,"x":0.46}]},"bone20":{"rotate":[{"time":1.3667},{"time":1.4667,"angle":-6.92}],"translate":[{"time":1.3667,"x":7.85,"y":1.34},{"time":1.4667,"x":-2.96,"y":3.46},{"time":1.5667,"x":-10.26,"y":4.35}],"scale":[{"time":1.3667,"x":0.517},{"time":1.4667},{"time":1.5667,"x":0.46}]},"bone21":{"rotate":[{"time":1.4333},{"time":1.5333,"angle":-6.92}],"translate":[{"time":1.4333,"x":7.85,"y":1.34},{"time":1.5333,"x":-2.96,"y":3.46},{"time":1.6333,"x":-10.26,"y":4.35}],"scale":[{"time":1.4333,"x":0.517},{"time":1.5333},{"time":1.6333,"x":0.46}]},"bone22":{"rotate":[{"time":1.4667},{"time":1.5667,"angle":-6.92}],"translate":[{"time":1.4667,"x":7.85,"y":1.34},{"time":1.5667,"x":-2.96,"y":3.46},{"time":1.6667,"x":-10.26,"y":4.35}],"scale":[{"time":1.4667,"x":0.517},{"time":1.5667},{"time":1.6667,"x":0.46}]},"bone24":{"translate":[{"time":0.5,"x":-90.08,"y":32.26},{"time":0.6667,"x":-83.38,"y":64.94},{"time":1,"x":-3.77,"y":57.82},{"time":1.1667,"y":32.26}],"scale":[{"time":0.5,"x":0.8,"y":0.8},{"time":0.6667,"x":1.817,"y":0.623},{"time":1,"x":2.553,"y":0.788},{"time":1.1667,"x":0.8,"y":0.8}]},"bone25":{"translate":[{"time":1.6667,"x":24.96,"y":3.84}],"scale":[{"time":1.6667,"x":1.2,"y":1.2},{"time":1.8333,"x":1.708,"y":2.328},{"time":2,"x":1.2,"y":1.2}]},"bone30":{"translate":[{"time":0.3333,"x":-0.36,"y":10.05},{"time":0.5667,"x":-0.2,"y":5.66}],"scale":[{"time":0.3333,"x":1.2,"y":1.2},{"time":0.5667,"y":1.7}]},"bone":{"rotate":[{},{"time":0.1,"angle":8.95},{"time":0.5,"angle":-95.77},{"time":0.6667,"angle":-97.78},{"time":0.8333,"angle":-95.77},{"time":1,"angle":-97.78},{"time":1.1667,"angle":-95.77},{"time":1.3333,"angle":-97.78},{"time":1.5,"angle":-95.77},{"time":2}],"translate":[{},{"time":0.1,"x":3.31,"y":10.86},{"time":0.5,"x":-33.58,"y":76.42,"curve":"stepped"},{"time":1.5,"x":-33.58,"y":76.42},{"time":2}],"scale":[{},{"time":0.1,"x":0.8,"y":0.8},{"time":0.5}]},"bone2":{"rotate":[{},{"time":0.1667,"angle":-1.74},{"time":0.3333},{"time":0.5,"angle":1.36},{"time":0.6667},{"time":0.8333,"angle":1.36},{"time":1},{"time":1.2333,"angle":1.36},{"time":1.5},{"time":1.6667,"angle":-9.71},{"time":1.8333,"angle":8.2},{"time":2}],"translate":[{},{"time":0.1667,"x":-0.49,"y":3.75},{"time":0.3333,"curve":"stepped"},{"time":1.5},{"time":1.6667,"x":0.04,"y":3.75},{"time":1.8333,"x":2.29,"y":0.12},{"time":2}],"scale":[{"time":0.3333},{"time":0.5,"x":1.02},{"time":0.6667},{"time":0.8333,"x":1.02},{"time":1},{"time":1.2333,"x":1.02},{"time":1.5}]},"bone23":{"rotate":[{},{"time":0.1667,"angle":14.01},{"time":0.5},{"time":0.8667,"angle":14.01},{"time":1.3333},{"time":1.5,"angle":4.02},{"time":1.6667,"angle":8.04},{"time":1.8333,"angle":4.02},{"time":2}],"translate":[{"x":1.54,"y":1.95},{"time":0.1667,"x":5.78,"y":5.82},{"time":0.5},{"time":0.8667,"x":4.05,"y":1.07},{"time":1.3333,"x":0.46,"y":1.64},{"time":1.5,"x":2.85,"y":1.04},{"time":1.6667,"x":10.8,"y":9.58},{"time":1.8333,"x":0.85,"y":-1.82},{"time":2,"x":1.54,"y":1.95}]},"bone29":{"translate":[{},{"time":0.3333,"x":-0.38,"y":10.78},{"time":0.6667},{"time":1,"x":-0.35,"y":9.83},{"time":1.3333},{"time":1.6667,"x":-0.31,"y":8.78},{"time":2}],"scale":[{},{"time":0.3333,"x":1.2,"y":1.2},{"time":0.6667},{"time":1,"x":1.2,"y":1.2},{"time":1.3333},{"time":1.6667,"x":1.2,"y":1.2},{"time":2}]}}},"Fade":{"slots":{"Shape-1055-copy-2_0002_Layer-47":{"attachment":[{"name":null}]},"Shape-1055-copy-2_0002_Layer-48":{"attachment":[{"name":null}]},"Shape-1055-copy-2_0002_Layer-49":{"attachment":[{"name":null}]},"Shape-1055-copy-2_0002_Layer-50":{"attachment":[{"name":null}]},"Shape-1055-copy-2_0002_Layer-51":{"attachment":[{"name":null}]},"Shape-1055-copy-2_0002_Layer-52":{"attachment":[{"name":null}]},"Shape-1055-copy-2_0002_Layer-53":{"attachment":[{"name":null}]},"Shape-1055-copy-2_0002_Layer-54":{"attachment":[{"name":null}]},"Shape-1055-copy-2_0002_Layer-55":{"attachment":[{"name":null}]},"Shape-1055-copy-2_0002_Layer-56":{"attachment":[{"name":null}]},"Shape-1055-copy-2_0002_Layer-57":{"attachment":[{"name":null}]},"Shape-1055-copy-2_0002_Layer-58":{"attachment":[{"name":null}]},"Shape-1055-copy-2_0002_Layer-59":{"attachment":[{"name":null}]},"Shape-1055-copy-2_0002_Layer-60":{"attachment":[{"name":null}]},"Shape-1055-copy-2_0002_Layer-61":{"attachment":[{"name":null}]},"Shape-1055-copy-2_0002_Layer-62":{"attachment":[{"name":null}]},"Shape-1055-copy-2_0002_Layer-63":{"attachment":[{"name":null}]},"Shape-1055-copy-2_0002_Layer-64":{"attachment":[{"name":null}]},"Shape-1055-copy-2_0002_Layer-65":{"attachment":[{"name":null}]},"Shape-1055-copy-2_0002_Layer-66":{"attachment":[{"name":null}]},"Shape-1055-copy-2_0002_Layer-67":{"attachment":[{"name":null}]},"Shape-1055-copy-2_0002_Layer-68":{"attachment":[{"name":null}]},"Shape-1055-copy-2_0002_Layer-69":{"attachment":[{"name":null}]},"Shape-1055-copy-2_0002_Layer-70":{"attachment":[{"name":null}]},"Shape-1055-copy-2_0002_Layer-71":{"attachment":[{"name":null}]},"Shape-1055-copy-2_0002_Layer-72":{"attachment":[{"name":null}]},"Shape-1055-copy-2_0002_Layer-73":{"attachment":[{"name":null}]},"Shape-1055-copy-2_0002_Layer-74":{"attachment":[{"name":null}]},"Shape-1055-copy-2_0002_Layer-75":{"attachment":[{"name":null}]},"Shape-1055-copy-2_0002_Layer-76":{"attachment":[{"name":null}]},"Shape-1055-copy-2_0002_Layer-77":{"attachment":[{"name":null}]},"Shape-1055-copy-2_0002_Layer-78":{"attachment":[{"name":null}]},"Shape-1055-copy-2_0002_Layer-79":{"attachment":[{"name":null}]},"Shape-1055-copy-2_0002_Layer-80":{"attachment":[{"name":null}]},"Shape-1055-copy-2_0002_Layer-81":{"attachment":[{"name":null}]},"Shape-1055-copy-2_0002_Layer-82":{"attachment":[{"name":null}]},"bg":{"color":[{"color":"525154ff"}]},"khung2":{"color":[{"color":"525154ff"}]},"khung4":{"color":[{"color":"525154ff"}]},"ly":{"color":[{"color":"525154ff"}]},"ly2":{"color":[{"color":"525154ff"}]},"root":{"attachment":[{"name":null}]},"root2":{"attachment":[{"name":null}]},"root3":{"attachment":[{"name":null}]},"root4":{"attachment":[{"name":null}]},"ruou":{"color":[{"color":"525154ff"}]},"ruou2":{"color":[{"color":"525154ff"}]},"ruou3":{"attachment":[{"name":null}]},"text":{"color":[{"color":"525154ff"}]},"text2":{"color":[{"color":"525154ff"}]},"text3":{"attachment":[{"name":null}]},"text4":{"attachment":[{"name":null}]},"xu":{"color":[{"color":"525154ff"}]},"xu2":{"color":[{"color":"525154ff"}]}},"bones":{"bone23":{"translate":[{"x":1.54,"y":1.95}]}}},"idle":{"slots":{"Shape-1055-copy-2_0002_Layer-47":{"attachment":[{"name":null}]},"Shape-1055-copy-2_0002_Layer-48":{"attachment":[{"name":null}]},"Shape-1055-copy-2_0002_Layer-49":{"attachment":[{"name":null}]},"Shape-1055-copy-2_0002_Layer-50":{"attachment":[{"name":null}]},"Shape-1055-copy-2_0002_Layer-51":{"attachment":[{"name":null}]},"Shape-1055-copy-2_0002_Layer-52":{"attachment":[{"name":null}]},"Shape-1055-copy-2_0002_Layer-53":{"attachment":[{"name":null}]},"Shape-1055-copy-2_0002_Layer-54":{"attachment":[{"name":null}]},"Shape-1055-copy-2_0002_Layer-55":{"attachment":[{"name":null}]},"Shape-1055-copy-2_0002_Layer-56":{"attachment":[{"name":null}]},"Shape-1055-copy-2_0002_Layer-57":{"attachment":[{"name":null}]},"Shape-1055-copy-2_0002_Layer-58":{"attachment":[{"name":null}]},"Shape-1055-copy-2_0002_Layer-59":{"attachment":[{"name":null}]},"Shape-1055-copy-2_0002_Layer-60":{"attachment":[{"name":null}]},"Shape-1055-copy-2_0002_Layer-61":{"attachment":[{"name":null}]},"Shape-1055-copy-2_0002_Layer-62":{"attachment":[{"name":null}]},"Shape-1055-copy-2_0002_Layer-63":{"attachment":[{"name":null}]},"Shape-1055-copy-2_0002_Layer-64":{"attachment":[{"name":null}]},"Shape-1055-copy-2_0002_Layer-65":{"attachment":[{"name":null}]},"Shape-1055-copy-2_0002_Layer-66":{"attachment":[{"name":null}]},"Shape-1055-copy-2_0002_Layer-67":{"attachment":[{"name":null}]},"Shape-1055-copy-2_0002_Layer-68":{"attachment":[{"name":null}]},"Shape-1055-copy-2_0002_Layer-69":{"attachment":[{"name":null}]},"Shape-1055-copy-2_0002_Layer-70":{"attachment":[{"name":null}]},"Shape-1055-copy-2_0002_Layer-71":{"attachment":[{"name":null}]},"Shape-1055-copy-2_0002_Layer-72":{"attachment":[{"name":null}]},"Shape-1055-copy-2_0002_Layer-73":{"attachment":[{"name":null}]},"Shape-1055-copy-2_0002_Layer-74":{"attachment":[{"name":null},{"time":1,"name":"Shape-1055-copy-2_0002_Layer-47"}]},"Shape-1055-copy-2_0002_Layer-75":{"attachment":[{"name":null}]},"Shape-1055-copy-2_0002_Layer-76":{"attachment":[{"name":null}]},"Shape-1055-copy-2_0002_Layer-77":{"attachment":[{"name":null}]},"Shape-1055-copy-2_0002_Layer-78":{"attachment":[{"name":null}]},"Shape-1055-copy-2_0002_Layer-79":{"attachment":[{"name":null}]},"Shape-1055-copy-2_0002_Layer-80":{"attachment":[{"name":null}]},"Shape-1055-copy-2_0002_Layer-81":{"attachment":[{"name":null}]},"Shape-1055-copy-2_0002_Layer-82":{"attachment":[{"name":null}]},"khung2":{"attachment":[{"name":null}]},"root":{"attachment":[{"name":null}]},"root2":{"attachment":[{"name":null}]},"root3":{"attachment":[{"name":null}]},"root4":{"attachment":[{"name":null}]},"ruou3":{"attachment":[{"name":null}]},"text3":{"attachment":[{"name":null}]},"text4":{"attachment":[{"name":null}]}},"bones":{"bone31":{"translate":[{},{"time":1,"y":4.52},{"time":2}],"scale":[{},{"time":1,"x":1.03},{"time":2}]},"bone23":{"translate":[{"x":1.54,"y":1.95}]}}}}}