{"skeleton":{"hash":"pJ1XP8KatHVIP/6F1GWz2MagLUU","spine":"3.8.99","x":-115.71,"y":-104.37,"width":215,"height":210,"images":"/Users/hien/Downloads/BIGCITY_AA/mini_shoe","audio":""},"bones":[{"name":"root"},{"name":"bone3","parent":"root","length":82.49,"rotation":85.79,"x":52.55,"y":-33.7},{"name":"bone","parent":"bone3","length":62.74,"rotation":10.55,"x":3.14,"y":57.54},{"name":"bone2","parent":"bone3","length":50.4,"rotation":-4.68,"x":36.57,"y":33.96},{"name":"bone6","parent":"bone3","x":82.49,"y":8.73}],"slots":[{"name":"Layer 4","bone":"bone6","color":"ffddd1ff","attachment":"shoe_light"},{"name":"p","bone":"bone2","attachment":"shoe_p"},{"name":"t","bone":"bone","attachment":"shoe_t"}],"skins":[{"name":"default","attachments":{"Layer 4":{"shoe_light":{"x":-52.71,"y":54.39,"rotation":-85.79,"width":215,"height":210}},"p":{"shoe_p":{"type":"mesh","hull":4,"width":89,"height":59,"uvs":[1,1,0,1,0,0,1,0],"triangles":[1,2,3,1,3,0],"vertices":[-0.06,-29.23,-13.82,58.7,44.47,67.82,58.23,-20.11],"edges":[0,2,2,4,4,6,0,6]}},"t":{"shoe_t":{"type":"mesh","hull":4,"width":69,"height":89,"uvs":[1,1,0,1,0,0,1,0],"triangles":[1,2,3,1,3,0],"vertices":[-20.94,-23.99,-13.32,44.58,75.13,34.76,67.51,-33.82],"edges":[0,2,2,4,4,6,0,6]}}}}],"animations":{"animation":{"slots":{"Layer 4":{"color":[{"color":"a928ff00","curve":"stepped"},{"time":0.3333,"color":"f3b8ff32"},{"time":0.5,"color":"ff8e93ff"},{"time":0.7333,"color":"fc77b46a"},{"time":1,"color":"ffcda9ff"},{"time":1.1667,"color":"ff248900"}]}},"bones":{"bone6":{"translate":[{"x":48.12,"y":-29.47,"curve":"stepped"},{"time":0.3333,"x":48.12,"y":-29.47},{"time":0.5,"x":48.11,"y":-29.47},{"time":0.7333,"x":9.28,"y":-5.73},{"time":1},{"time":1.1667,"x":-8.68}],"scale":[{"time":0.5},{"time":0.7333,"x":0.736,"y":0.901},{"time":1},{"time":1.1667,"x":0.736,"y":0.901}]},"bone3":{"translate":[{},{"time":0.8333,"x":0.2,"y":2.68},{"time":1.6667}],"scale":[{},{"time":0.8333,"x":1.1,"y":1.1},{"time":1.6667}]},"bone2":{"rotate":[{},{"time":0.2667,"angle":26.23},{"time":0.4,"angle":-29},{"time":0.5667},{"time":0.8333,"angle":9.98},{"time":1.1},{"time":1.4,"angle":9.98},{"time":1.6667}],"translate":[{"time":0.2667},{"time":0.4,"x":-0.07,"y":16.17},{"time":0.5667},{"time":0.8333,"x":0.41,"y":-4.37},{"time":1.1},{"time":1.4,"x":0.41,"y":-4.37},{"time":1.6667}]},"bone":{"rotate":[{},{"time":0.3,"angle":4.76},{"time":0.4,"angle":-25.75},{"time":0.5667},{"time":0.8333,"angle":-8.62},{"time":1.1},{"time":1.4,"angle":-8.62},{"time":1.6667}],"translate":[{},{"time":0.3,"x":16.31,"y":3.9},{"time":0.4,"x":-6.74,"y":10.89},{"time":0.5667},{"time":0.8333,"x":-0.1,"y":2.83},{"time":1.1},{"time":1.4,"x":-0.1,"y":2.83},{"time":1.6667}],"scale":[{"time":0.3},{"time":0.4,"y":1.1},{"time":0.5667}]}}},"fade":{"slots":{"Layer 4":{"color":[{"color":"525154ff"}],"attachment":[{"name":null}]},"p":{"color":[{"color":"525154ff"}]},"t":{"color":[{"color":"525154ff"}]}}},"idle":{"slots":{"Layer 4":{"attachment":[{"name":null}]}},"bones":{"bone3":{"scale":[{},{"time":1,"x":1.1,"y":1.1},{"time":2}]}}}}}